Category,Emotion,Content
Advice,Happy,"Believe in yourself and all that you are. Know that there is something inside you that is greater than any obstacle."
Joke,Motivated,"Why did the scarecrow win an award? Because he was outstanding in his field!"
Positive Vibes,Sad,"Tough times never last, but tough people do. Keep going, you're stronger than you think."
Advice,Stressed,"Take a deep breath. It's just a bad day, not a bad life. You'll get through this."
Joke,Happy,"Why don't scientists trust atoms? Because they make up everything!"
Positive Vibes,Motivated,"Your potential is endless. Don't limit yourself based on other people's limited imagination."
Advice,Sad,"It's okay to not be okay. Reach out for support when you need it; you don't have to face everything alone."
Joke,Stressed,"Why don't oysters donate to charity? Because they are shellfish!"
Positive Vibes,Happy,"Every day may not be good, but there is something good in every day. Find the silver lining."
Advice,Motivated,"Set goals that make you want to jump out of bed in the morning. Aim for progress, not perfection."
Joke,Sad,"Why did the bicycle fall over? It was two-tired."
Positive Vibes,Stressed,"Embrace the glorious mess that you are. Life is tough, but so are you."
Advice,Happy,"Surround yourself with those who bring out the best in you. You deserve to be around people who uplift and inspire."
Joke,Motivated,"I told my computer I needed a break, and now it won't stop sending me vacation ads."
Positive Vibes,Sad,"Even on the darkest days, the sun will rise again. Hold on and have faith in better days ahead."
Advice,Stressed,"Don't be too hard on yourself. Mistakes are proof that you are trying and learning. Give yourself grace."
Joke,Happy,"What do you call fake spaghetti? An impasta!"
Positive Vibes,Motivated,"The only way to do great work is to love what you do. If you haven't found it yet, keep looking, don't settle."
Advice,Sad,"Grief is like the ocean; it comes in waves, ebbing and flowing. Allow yourself to feel the pain and heal at your own pace."
Joke,Stressed,"Why did the math book look sad? Because it had too many problems."
Positive Vibes,Happy,"Your smile is contagious, spread it generously. The world needs more of your positivity."
Advice,Motivated,"Hard work beats talent when talent doesn't work hard. Keep pushing towards your goals, and success will follow."
Joke,Sad,"I used to play piano by ear, but now I use my hands and fingers."
Positive Vibes,Stressed,"Remember that challenges are what make life interesting. Overcoming them is what makes life meaningful."
Advice,Happy,"Celebrate your victories, no matter how small. Acknowledging your achievements fuels motivation for future success."
Joke,Motivated,"Why did the scarecrow become a successful motivational speaker? Because he was outstanding in his field!"
Positive Vibes,Sad,"In the middle of difficulty lies opportunity. Embrace challenges as stepping stones to growth and resilience."
Advice,Stressed,"Break down big tasks into smaller, manageable steps. You'll be surprised at how much progress you can make."
Joke,Happy,"I'm reading a book on anti-gravity. It's impossible to put down!"
Positive Vibes,Motivated,"The only limit to our realization of tomorrow will be our doubts of today. Believe in yourself and your dreams."
Advice,Sad,"It's okay to ask for help. You're not alone, and reaching out is a sign of strength, not weakness."
Joke,Stressed,"Why don't skeletons fight each other? They don't have the guts."
Positive Vibes,Happy,"Life is short, and it's up to you to make it sweet. Find joy in the little things and savor every moment."
Advice,Motivated,"Success is not final, failure is not fatal: It is the courage to continue that counts. Keep pushing forward."
Joke,Sad,"Parallel lines have so much in common. It's a shame they'll never meet."
Positive Vibes,Stressed,"You are stronger than you think. Trust yourself, and remember that challenges are opportunities for growth."
Advice,Happy,"Surround yourself with positive people who inspire and encourage you. Their energy will lift you higher."
Joke,Motivated,"Why did the bicycle fall over? It was two-tired of standing up!"
Positive Vibes,Sad,"Storms make trees take deeper roots. Tough times can lead to greater strength and resilience."
Advice,Stressed,"Take one step at a time. You don't have to have it all figured out to move forward."
Joke,Happy,"What do you call a fish wearing a crown? A kingfish!"
Positive Vibes,Motivated,"Don't be afraid to give up the good to go for the great. Pursue your dreams relentlessly."
Advice,Sad,"Sometimes the people around you won't understand your journey. They don't need to; it's not for them."
Joke,Stressed,"I told my wife she should embrace her mistakes. She gave me a hug."
Positive Vibes,Happy,"Happiness is not by chance, but by choice. Choose to be happy, and the rest will fall into place."
Advice,Motivated,"Success is stumbling from failure to failure with no loss of enthusiasm. Keep moving forward with determination."
Joke,Sad,"Why did the tomato turn red? Because it saw the salad dressing!"
Positive Vibes,Stressed,"Challenges are what make life interesting; overcoming them is what makes life meaningful. Face them with courage."
Advice,Happy,"The best way to predict the future is to create it. Take control of your destiny and make your dreams a reality."
Joke,Motivated,"I would tell you a joke about an elevator, but it's an uplifting experience."
Positive Vibes,Sad,"Even the darkest night will end, and the sun will rise. Hold on during tough times; brighter days are ahead."
Advice,Stressed,"When feeling overwhelmed, focus on the next small step. Progress is progress, no matter how small."
Joke,Happy,"Why did the golfer bring extra pants? In case he got a hole in one!"
Positive Vibes,Motivated,"Your attitude determines your direction. Stay positive, stay focused, and keep moving forward."
Advice,Sad,"It's okay to take a break and recharge. Self-care is essential for maintaining mental and emotional well-being."
Joke,Stressed,"Why don't skeletons fight each other? They don't have the guts."
Positive Vibes,Happy,"Every morning brings new potential; embrace it, pursue it, and make the most of the day."
Advice,Motivated,"Dream big, work hard, stay focused, and surround yourself with good people. Success will follow."
Joke,Sad,"I told my computer I needed a break, and now it won't stop sending me vacation ads."
Positive Vibes,Stressed,"Remember that you are more resilient and capable than you think. Face challenges with confidence."
Advice,Happy,"Life is 10% what happens to us and 90% how we react to it. Choose positivity and resilience."
Joke,Motivated,"Why did the scarecrow become a successful motivational speaker? Because he was outstanding in his field!"
Positive Vibes,Sad,"Even in the midst of difficulties, there is always something to be thankful for. Focus on gratitude."
Advice,Stressed,"Take a moment to breathe and center yourself. You have the strength to overcome any obstacle."
Joke,Happy,"I used to play piano by ear, but now I use my hands and fingers."
Positive Vibes,Motivated,"The journey of a thousand miles begins with a single step. Start now, and keep moving forward."
Advice,Sad,"Growth is uncomfortable because you've never been here before. Embrace the uncertainty and keep evolving."
Joke,Stressed,"Why don't scientists trust atoms? Because they make up everything!"
Positive Vibes,Happy,"Your happiness is not dependent on others. Take charge of your own joy and well-being."
Advice,Motivated,"Don't be afraid to step out of your comfort zone. That's where growth and success often begin."
Joke,Sad,"Why did the bicycle fall over? It was two-tired."
Positive Vibes,Stressed,"Tough times may come, but so do the moments of triumph. Keep pushing through; better days are ahead."
Advice,Happy,"Surround yourself with positive energy. Your environment plays a significant role in your well-being."
Joke,Motivated,"What do you call a fish wearing a crown? A kingfish!"
Positive Vibes,Sad,"In the face of adversity, remember that you have the strength to overcome. You are resilient and capable."
Advice,Stressed,"When overwhelmed, take a step back, prioritize, and tackle one thing at a time. Progress is progress."
Joke,Happy,"Why did the tomato turn red? Because it saw the salad dressing!"
Positive Vibes,Motivated,"Believe in your abilities. You are more capable than you can imagine. Trust the process."
Advice,Sad,"It's okay not to have it all figured out. Life is a journey, and it's okay to navigate through uncertainties."
Joke,Stressed,"I told my wife she should embrace her mistakes. She gave me a hug."
Positive Vibes,Happy,"Create a life that feels good on the inside, not just one that looks good on the outside."
Advice,Motivated,"Success is not final, failure is not fatal: It is the courage to continue that counts."
Joke,Sad,"Why did the golfer bring extra pants? In case he got a hole in one!"
Positive Vibes,Stressed,"Challenges are opportunities for growth. Embrace them and discover your strength within."
Advice,Happy,"Celebrate your progress, no matter how small. Each step forward is a step toward your goals."
Joke,Motivated,"I would tell you a joke about an elevator, but it's an uplifting experience."
Positive Vibes,Sad,"Even in difficult times, find moments of joy. Small pleasures can make a big difference."
Advice,Stressed,"Take a moment to breathe deeply. Inhale calmness, exhale stress. You've got this."
Joke,Happy,"Why did the golfer bring two pairs of pants? In case he got a hole in one!"
Positive Vibes,Motivated,"You are not defined by your past. Focus on the present and shape the future you desire."
Advice,Sad,"It's okay to ask for help when you need it. You don't have to face challenges alone."
Joke,Stressed,"Why did the scarecrow become a successful motivational speaker? Because he was outstanding in his field!"
Positive Vibes,Happy,"Spread kindness and positivity wherever you go. Your positive energy can make a difference."
Advice,Motivated,"Setbacks are a part of the journey. Use them as stepping stones to success."
Joke,Sad,"Why did the bicycle fall over? It was two-tired."
Positive Vibes,Stressed,"Tough times won't last forever. Keep moving forward, and brighter days will come."
Advice,Happy,"Surround yourself with people who uplift and inspire you. Their positivity can fuel your success."
Joke,Motivated,"Why did the scarecrow win an award? Because he was outstanding in his field!"
Positive Vibes,Sad,"Embrace the challenges; they lead to growth and resilience. You are stronger than you know."
Advice,Stressed,"Break down tasks into smaller steps. Progress is progress, no matter how incremental."
Joke,Happy,"I used to play piano by ear, but now I use my hands and fingers."
Positive Vibes,Motivated,"The only limit to your success is the extent of your efforts. Keep pushing forward with determination."
Advice,Sad,"It's okay to not have all the answers. Life is a journey of discovery and learning."
Joke,Stressed,"Why don't scientists trust atoms? Because they make up everything!"
Positive Vibes,Happy,"Every day is a new opportunity for joy and growth. Embrace it with enthusiasm."
Advice,Motivated,"Believe in your dreams, work hard, and stay focused. Success is within your reach."
Joke,Sad,"Why did the bicycle fall over? It was two-tired."
Positive Vibes,Stressed,"In challenging times, remember your strength and resilience. You can overcome anything."
Advice,Happy,"Your journey is unique, and so is your path to success. Embrace your individuality and keep moving forward."
Joke,Motivated,"What do you call a fish wearing a crown? A kingfish!"
Positive Vibes,Sad,"Even in the midst of difficulty, find reasons to be grateful. Gratitude can bring peace to your heart."
Advice,Stressed,"Take a break when needed, but never give up on your goals. Rest, recharge, and continue the journey."
Joke,Happy,"Why did the tomato turn red? Because it saw the salad dressing!"
Positive Vibes,Motivated,"Trust the process of your journey. The challenges you face today are shaping the person you become tomorrow."
Advice,Sad,"Growth often comes from discomfort. Embrace challenges as opportunities for positive transformation."
Joke,Stressed,"I told my computer I needed a break, and now it won't stop sending me vacation ads."
Positive Vibes,Happy,"Your attitude is like a box of crayons; it colors your world. Choose vibrant and positive shades."
Advice,Motivated,"Success is not just about reaching the destination; it's about enjoying the journey along the way."
Joke,Sad,"Why did the golfer bring extra pants? In case he got a hole in one!"
Positive Vibes,Stressed,"You are more resilient and capable than you think. Face challenges with courage and determination."
Advice,Happy,"Celebrate your achievements, both big and small. Each step forward is a victory worth acknowledging."
Joke,Motivated,"I would tell you a joke about an elevator, but it's an uplifting experience."
Positive Vibes,Sad,"Even in difficult times, find moments of joy and gratitude. They can light up your path."
Advice,Stressed,"Take a moment to breathe deeply. Inhale calmness, exhale stress. You've got this."
Joke,Happy,"Why did the golfer bring two pairs of pants? In case he got a hole in one!"
Positive Vibes,Motivated,"You are not defined by your past. Focus on the present and shape the future you desire."
Advice,Sad,"It's okay to ask for help when you need it. You don't have to face challenges alone."
Joke,Stressed,"Why did the scarecrow become a successful motivational speaker? Because he was outstanding in his field!"
Positive Vibes,Happy,"Spread kindness and positivity wherever you go. Your positive energy can make a difference."
Advice,Motivated,"Setbacks are a part of the journey. Use them as stepping stones to success."
Joke,Sad,"Why did the bicycle fall over? It was two-tired."
Positive Vibes,Stressed,"Tough times won't last forever. Keep moving forward, and brighter days will come."
Advice,Happy,"Surround yourself with people who uplift and inspire you. Their positivity can fuel your success."
Joke,Motivated,"Why did the scarecrow win an award? Because he was outstanding in his field!"
Positive Vibes,Sad,"Embrace the challenges; they lead to growth and resilience. You are stronger than you know."
Advice,Stressed,"Break down tasks into smaller steps. Progress is progress, no matter how incremental."
Joke,Happy,"I used to play piano by ear, but now I use my hands and fingers."
Positive Vibes,Motivated,"The only limit to your success is the extent of your efforts. Keep pushing forward with determination."
Advice,Sad,"It's okay to not have all the answers. Life is a journey of discovery and learning."
Joke,Stressed,"Why don't scientists trust atoms? Because they make up everything!"
Positive Vibes,Happy,"Every day is a new opportunity for joy and growth. Embrace it with enthusiasm."
Advice,Motivated,"Believe in your dreams, work hard, and stay focused. Success is within your reach."
Joke,Sad,"Why did the bicycle fall over? It was two-tired."
Positive Vibes,Stressed,"In challenging times, remember your strength and resilience. You can overcome anything."
Advice,Happy,"Your journey is unique, and so is your path to success. Embrace your individuality and keep moving forward."
Joke,Motivated,"What do you call a fish wearing a crown? A kingfish!"
Positive Vibes,Sad,"Even in the midst of difficulty, find reasons to be grateful. Gratitude can bring peace to your heart."
Advice,Stressed,"Take a break when needed, but never give up on your goals. Rest, recharge, and continue the journey."
Joke,Happy,"Why did the tomato turn red? Because it saw the salad dressing!"
Positive Vibes,Motivated,"Trust the process of your journey. The challenges you face today are shaping the person you become tomorrow."
Advice,Sad,"Growth often comes from discomfort. Embrace challenges as opportunities for positive transformation."
Joke,Stressed,"I told my computer I needed a break, and now it won't stop sending me vacation ads."
Positive Vibes,Happy,"Your attitude is like a box of crayons; it colors your world. Choose vibrant and positive shades."
Advice,Motivated,"Success is not just about reaching the destination; it's about enjoying the journey along the way."
Joke,Sad,"Why did the golfer bring extra pants? In case he got a hole in one!"
Positive Vibes,Stressed,"You are more resilient and capable than you think. Face challenges with courage and determination."
Advice,Happy,"Celebrate your achievements, both big and small. Each step forward is a victory worth acknowledging."
Joke,Motivated,"I would tell you a joke about an elevator, but it's an uplifting experience."
Positive Vibes,Sad,"Even in difficult times, find moments of joy and gratitude. They can light up your path."
Advice,Stressed,"Take a moment to breathe deeply. Inhale calmness, exhale stress. You've got this."
Joke,Happy,"Why did the golfer bring two pairs of pants? In case he got a hole in one!"
Positive Vibes,Motivated,"You are not defined by your past. Focus on the present and shape the future you desire."
Advice,Sad,"It's okay to ask for help when you need it. You don't have to face challenges alone."
Joke,Stressed,"Why did the scarecrow become a successful motivational speaker? Because he was outstanding in his field!"
Positive Vibes,Happy,"Spread kindness and positivity wherever you go. Your positive energy can make a difference."
Advice,Motivated,"Setbacks are a part of the journey. Use them as stepping stones to success."
Joke,Sad,"Why did the bicycle fall over? It was two-tired."
Positive Vibes,Stressed,"Tough times won't last forever. Keep moving forward, and brighter days will come."
Advice,Happy,"Surround yourself with people who uplift and inspire you. Their positivity can fuel your success."
Joke,Motivated,"Why did the scarecrow win an award? Because he was outstanding in his field!"
Positive Vibes,Sad,"Embrace the challenges; they lead to growth and resilience. You are stronger than you know."
Advice,Stressed,"Break down tasks into smaller steps. Progress is progress, no matter how incremental."
Joke,Happy,"I used to play piano by ear, but now I use my hands and fingers."
Positive Vibes,Motivated,"The only limit to your success is the extent of your efforts. Keep pushing forward with determination."
Advice,Sad,"It's okay to not have all the answers. Life is a journey of discovery and learning."
Joke,Stressed,"Why don't scientists trust atoms? Because they make up everything!"
Positive Vibes,Happy,"Every day is a new opportunity for joy and growth. Embrace it with enthusiasm."
Advice,Motivated,"Believe in your dreams, work hard, and stay focused. Success is within your reach."
Joke,Sad,"Why did the bicycle fall over? It was two-tired."
Positive Vibes,Stressed,"In challenging times, remember your strength and resilience. You can overcome anything."
Advice,Happy,"Your journey is unique, and so is your path to success. Embrace your individuality and keep moving forward."
Joke,Motivated,"What do you call a fish wearing a crown? A kingfish!"
Positive Vibes,Sad,"Even in the midst of difficulty, find reasons to be grateful. Gratitude can bring peace to your heart."
Advice,Stressed,"Take a break when needed, but never give up on your goals. Rest, recharge, and continue the journey."
Joke,Happy,"Why did the tomato turn red? Because it saw the salad dressing!"
Positive Vibes,Motivated,"Trust the process of your journey. The challenges you face today are shaping the person you become tomorrow."
Advice,Sad,"Growth often comes from discomfort. Embrace challenges as opportunities for positive transformation."
Joke,Stressed,"I told my computer I needed a break, and now it won't stop sending me vacation ads."
Positive Vibes,Happy,"Your attitude is like a box of crayons; it colors your world. Choose vibrant and positive shades."
Advice,Motivated,"Success is not just about reaching the destination; it's about enjoying the journey along the way."
Joke,Sad,"Why did the golfer bring extra pants? In case he got a hole in one!"
Positive Vibes,Stressed,"You are more resilient and capable than you think. Face challenges with courage and determination."
Advice,Happy,"Celebrate your achievements, both big and small. Each step forward is a victory worth acknowledging."
Joke,Motivated,"I would tell you a joke about an elevator, but it's an uplifting experience."
Positive Vibes,Sad,"Even in difficult times, find moments of joy and gratitude. They can light up your path."
Advice,Stressed,"Take a moment to breathe deeply. Inhale calmness, exhale stress. You've got this."
Joke,Happy,"Why did the golfer bring two pairs of pants? In case he got a hole in one!"
Positive Vibes,Motivated,"You are not defined by your past. Focus on the present and shape the future you desire."
Advice,Sad,"It's okay to ask for help when you need it. You don't have to face challenges alone."
Joke,Stressed,"Why did the scarecrow become a successful motivational speaker? Because he was outstanding in his field!"
Positive Vibes,Happy,"Spread kindness and positivity wherever you go. Your positive energy can make a difference."
Advice,Motivated,"Setbacks are a part of the journey. Use them as stepping stones to success."
Joke,Sad,"Why did the bicycle fall over? It was two-tired."
Positive Vibes,Stressed,"Tough times won't last forever. Keep moving forward, and brighter days will come."
Advice,Happy,"Surround yourself with people who uplift and inspire you. Their positivity can fuel your success."
Joke,Motivated,"Why did the scarecrow win an award? Because he was outstanding in his field!"
Positive Vibes,Sad,"Embrace the challenges; they lead to growth and resilience. You are stronger than you know."
Advice,Stressed,"Break down tasks into smaller steps. Progress is progress, no matter how incremental."
Joke,Happy,"I used to play piano by ear, but now I use my hands and fingers."
Positive Vibes,Motivated,"The only limit to your success is the extent of your efforts. Keep pushing forward with determination."
Advice,Sad,"It's okay to not have all the answers. Life is a journey of discovery and learning."
Joke,Stressed,"Why don't scientists trust atoms? Because they make up everything!"
Positive Vibes,Happy,"Every day is a new opportunity for joy and growth. Embrace it with enthusiasm."
Advice,Motivated,"Believe in your dreams, work hard, and stay focused. Success is within your reach."
Joke,Sad,"Why did the bicycle fall over? It was two-tired."
Positive Vibes,Stressed,"In challenging times, remember your strength and resilience. You can overcome anything."
Advice,Happy,"Your journey is unique, and so is your path to success. Embrace your individuality and keep moving forward."
Joke,Motivated,"What do you call a fish wearing a crown? A kingfish!"
Positive Vibes,Sad,"Even in the midst of difficulty, find reasons to be grateful. Gratitude can bring peace to your heart."
Advice,Stressed,"Take a break when needed, but never give up on your goals. Rest, recharge, and continue the journey."
Joke,Happy,"Why did the tomato turn red? Because it saw the salad dressing!"
Positive Vibes,Motivated,"Trust the process of your journey. The challenges you face today are shaping the person you become tomorrow."
Advice,Sad,"Growth often comes from discomfort. Embrace challenges as opportunities for positive transformation."
Joke,Stressed,"I told my computer I needed a break, and now it won't stop sending me vacation ads."
Positive Vibes,Happy,"Your attitude is like a box of crayons; it colors your world. Choose vibrant and positive shades."
Advice,Motivated,"Success is not just about reaching the destination; it's about enjoying the journey along the way."
Joke,Sad,"Why did the golfer bring extra pants? In case he got a hole in one!"
Positive Vibes,Stressed,"You are more resilient and capable than you think. Face challenges with courage and determination."
Advice,Happy,"Celebrate your achievements, both big and small. Each step forward is a victory worth acknowledging."
Joke,Motivated,"I would tell you a joke about an elevator, but it's an uplifting experience."
Positive Vibes,Sad,"Even in difficult times, find moments of joy and gratitude. They can light up your path."
Advice,Stressed,"Take a moment to breathe deeply. Inhale calmness, exhale stress. You've got this."
Joke,Happy,"Why did the golfer bring two pairs of pants? In case he got a hole in one!"
Positive Vibes,Motivated,"You are not defined by your past. Focus on the present and shape the future you desire."
Advice,Sad,"It's okay to ask for help when you need it. You don't have to face challenges alone."
Joke,Stressed,"Why did the scarecrow become a successful motivational speaker? Because he was outstanding in his field!"
Positive Vibes,Happy,"Spread kindness and positivity wherever you go. Your positive energy can make a difference."
Advice,Motivated,"Setbacks are a part of the journey. Use them as stepping stones to success."
Joke,Sad,"Why did the bicycle fall over? It was two-tired."
Positive Vibes,Stressed,"Tough times won't last forever. Keep moving forward, and brighter days will come."
Advice,Happy,"Surround yourself with people who uplift and inspire you. Their positivity can fuel your success."
Joke,Motivated,"Why did the scarecrow win an award? Because he was outstanding in his field!"
Positive Vibes,Sad,"Embrace the challenges; they lead to growth and resilience. You are stronger than you know."
Advice,Stressed,"Break down tasks into smaller steps. Progress is progress, no matter how incremental."
Joke,Happy,"I used to play piano by ear, but now I use my hands and fingers."
Positive Vibes,Motivated,"The only limit to your success is the extent of your efforts. Keep pushing forward with determination."
Advice,Sad,"It's okay to not have all the answers. Life is a journey of discovery and learning."
Joke,Stressed,"Why don't scientists trust atoms? Because they make up everything!"
Positive Vibes,Happy,"Every day is a new opportunity for joy and growth. Embrace it with enthusiasm."
Advice,Motivated,"Believe in your dreams, work hard, and stay focused. Success is within your reach."
Joke,Sad,"Why did the bicycle fall over? It was two-tired."
Positive Vibes,Stressed,"In challenging times, remember your strength and resilience. You can overcome anything."
Advice,Happy,"Your journey is unique, and so is your path to success. Embrace your individuality and keep moving forward."
Joke,Motivated,"What do you call a fish wearing a crown? A kingfish!"
Positive Vibes,Sad,"Even in the midst of difficulty, find reasons to be grateful. Gratitude can bring peace to your heart."
Advice,Stressed,"Take a break when needed, but never give up on your goals. Rest, recharge, and continue the journey."
Joke,Happy,"Why did the tomato turn red? Because it saw the salad dressing!"
Positive Vibes,Motivated,"Trust the process of your journey. The challenges you face today are shaping the person you become tomorrow."
Advice,Sad,"Growth often comes from discomfort. Embrace challenges as opportunities for positive transformation."
Joke,Stressed,"I told my computer I needed a break, and now it won't stop sending me vacation ads."
Positive Vibes,Happy,"Your attitude is like a box of crayons; it colors your world. Choose vibrant and positive shades."
Advice,Motivated,"Success is not just about reaching the destination; it's about enjoying the journey along the way."
Joke,Sad,"Why did the golfer bring extra pants? In case he got a hole in one!"
Positive Vibes,Stressed,"You are more resilient and capable than you think. Face challenges with courage and determination."
Advice,Happy,"Celebrate your achievements, both big and small. Each step forward is a victory worth acknowledging."
Joke,Motivated,"I would tell you a joke about an elevator, but it's an uplifting experience."
Positive Vibes,Sad,"Even in difficult times, find moments of joy and gratitude. They can light up your path."
Advice,Stressed,"Take a moment to breathe deeply. Inhale calmness, exhale stress. You've got this."
Joke,Happy,"Why did the golfer bring two pairs of pants? In case he got a hole in one!"
Positive Vibes,Motivated,"You are not defined by your past. Focus on the present and shape the future you desire."
Advice,Sad,"It's okay to ask for help when you need it. You don't have to face challenges alone."
Joke,Stressed,"Why did the scarecrow become a successful motivational speaker? Because he was outstanding in his field!"
Positive Vibes,Happy,"Spread kindness and positivity wherever you go. Your positive energy can make a difference."
Advice,Motivated,"Setbacks are a part of the journey. Use them as stepping stones to success."
Joke,Sad,"Why did the bicycle fall over? It was two-tired."
Positive Vibes,Stressed,"Tough times won't last forever. Keep moving forward, and brighter days will come."
Advice,Happy,"Surround yourself with people who uplift and inspire you. Their positivity can fuel your success."
Joke,Motivated,"Why did the scarecrow win an award? Because he was outstanding in his field!"
Positive Vibes,Sad,"Embrace the challenges; they lead to growth and resilience. You are stronger than you know."
Advice,Stressed,"Break down tasks into smaller steps. Progress is progress, no matter how incremental."
Joke,Happy,"I used to play piano by ear, but now I use my hands and fingers."
Positive Vibes,Motivated,"The only limit to your success is the extent of your efforts. Keep pushing forward with determination."
Advice,Sad,"It's okay to not have all the answers. Life is a journey of discovery and learning."
Joke,Stressed,"Why don't scientists trust atoms? Because they make up everything!"
Positive Vibes,Happy,"Every day is a new opportunity for joy and growth. Embrace it with enthusiasm."
Advice,Motivated,"Believe in your dreams, work hard, and stay focused. Success is within your reach."
Joke,Sad,"Why did the bicycle fall over? It was two-tired."
Positive Vibes,Stressed,"In challenging times, remember your strength and resilience. You can overcome anything."
Advice,Happy,"Your journey is unique, and so is your path to success. Embrace your individuality and keep moving forward."
Joke,Motivated,"What do you call a fish wearing a crown? A kingfish!"
Positive Vibes,Sad,"Even in the midst of difficulty, find reasons to be grateful. Gratitude can bring peace to your heart."
Advice,Stressed,"Take a break when needed, but never give up on your goals. Rest, recharge, and continue the journey."
Joke,Happy,"Why did the tomato turn red? Because it saw the salad dressing!"
Positive Vibes,Motivated,"Trust the process of your journey. The challenges you face today are shaping the person you become tomorrow."
Advice,Sad,"Growth often comes from discomfort. Embrace challenges as opportunities for positive transformation."
Joke,Stressed,"I told my computer I needed a break, and now it won't stop sending me vacation ads."
Positive Vibes,Happy,"Your attitude is like a box of crayons; it colors your world. Choose vibrant and positive shades."
Advice,Motivated,"Success is not just about reaching the destination; it's about enjoying the journey along the way."
Joke,Sad,"Why did the golfer bring extra pants? In case he got a hole in one!"
Positive Vibes,Stressed,"You are more resilient and capable than you think. Face challenges with courage and determination."
Advice,Happy,"Celebrate your achievements, both big and small. Each step forward is a victory worth acknowledging."
Joke,Motivated,"I would tell you a joke about an elevator, but it's an uplifting experience."
Positive Vibes,Sad,"Even in difficult times, find moments of joy and gratitude. They can light up your path."
Advice,Stressed,"Take a moment to breathe deeply. Inhale calmness, exhale stress. You've got this."
Joke,Happy,"Why did the golfer bring two pairs of pants? In case he got a hole in one!"
Positive Vibes,Motivated,"You are not defined by your past. Focus on the present and shape the future you desire."
Advice,Sad,"It's okay to ask for help when you need it. You don't have to face challenges alone."
Joke,Stressed,"Why did the scarecrow become a successful motivational speaker? Because he was outstanding in his field!"
Positive Vibes,Happy,"Spread kindness and positivity wherever you go. Your positive energy can make a difference."
Advice,Motivated,"Setbacks are a part of the journey. Use them as stepping stones to success."
Joke,Sad,"Why did the bicycle fall over? It was two-tired."
Positive Vibes,Stressed,"Tough times won't last forever. Keep moving forward, and brighter days will come."
Advice,Happy,"Surround yourself with people who uplift and inspire you. Their positivity can fuel your success."
Joke,Motivated,"Why did the scarecrow win an award? Because he was outstanding in his field!"
Positive Vibes,Sad,"Embrace the challenges; they lead to growth and resilience. You are stronger than you know."
Advice,Stressed,"Break down tasks into smaller steps. Progress is progress, no matter how incremental."
Joke,Happy,"I used to play piano by ear, but now I use my hands and fingers."
Positive Vibes,Motivated,"The only limit to your success is the extent of your efforts. Keep pushing forward with determination."
Advice,Sad,"It's okay to not have all the answers. Life is a journey of discovery and learning."
Joke,Stressed,"Why don't scientists trust atoms? Because they make up everything!"
Positive Vibes,Happy,"Every day is a new opportunity for joy and growth. Embrace it with enthusiasm."
Advice,Motivated,"Believe in your dreams, work hard, and stay focused. Success is within your reach."
Joke,Sad,"Why did the bicycle fall over? It was two-tired."
Positive Vibes,Stressed,"In challenging times, remember your strength and resilience. You can overcome anything."
Advice,Happy,"Your journey is unique, and so is your path to success. Embrace your individuality and keep moving forward."
Joke,Motivated,"What do you call a fish wearing a crown? A kingfish!"
Positive Vibes,Sad,"Even in the midst of difficulty, find reasons to be grateful. Gratitude can bring peace to your heart."
Advice,Stressed,"Take a break when needed, but never give up on your goals. Rest, recharge, and continue the journey."
Joke,Happy,"Why did the tomato turn red? Because it saw the salad dressing!"
Positive Vibes,Motivated,"Trust the process of your journey. The challenges you face today are shaping the person you become tomorrow."
Advice,Sad,"Growth often comes from discomfort. Embrace challenges as opportunities for positive transformation."
Joke,Stressed,"I told my computer I needed a break, and now it won't stop sending me vacation ads."
Positive Vibes,Happy,"Your attitude is like a box of crayons; it colors your world. Choose vibrant and positive shades."
Advice,Motivated,"Success is not just about reaching the destination; it's about enjoying the journey along the way."
Joke,Sad,"Why did the golfer bring extra pants? In case he got a hole in one!"
Positive Vibes,Stressed,"You are more resilient and capable than you think. Face challenges with courage and determination."
Advice,Happy,"Celebrate your achievements, both big and small. Each step forward is a victory worth acknowledging."
Joke,Motivated,"I would tell you a joke about an elevator, but it's an uplifting experience."
Positive Vibes,Sad,"Even in difficult times, find moments of joy and gratitude. They can light up your path."
Advice,Stressed,"Take a moment to breathe deeply. Inhale calmness, exhale stress. You've got this."
Joke,Happy,"Why did the golfer bring two pairs of pants? In case he got a hole in one!"
Positive Vibes,Motivated,"You are not defined by your past. Focus on the present and shape the future you desire."
Advice,Sad,"It's okay to ask for help when you need it. You don't have to face challenges alone."
Joke,Stressed,"Why did the scarecrow become a successful motivational speaker? Because he was outstanding in his field!"
Positive Vibes,Happy,"Spread kindness and positivity wherever you go. Your positive energy can make a difference."
Advice,Motivated,"Setbacks are a part of the journey. Use them as stepping stones to success."
Joke,Sad,"Why did the bicycle fall over? It was two-tired."
Positive Vibes,Stressed,"Tough times won't last forever. Keep moving forward, and brighter days will come."
Advice,Happy,"Surround yourself with people who uplift and inspire you. Their positivity can fuel your success."
Joke,Motivated,"Why did the scarecrow win an award? Because he was outstanding in his field!"
Positive Vibes,Sad,"Embrace the challenges; they lead to growth and resilience. You are stronger than you know."
Advice,Stressed,"Break down tasks into smaller steps. Progress is progress, no matter how incremental."
Joke,Happy,"I used to play piano by ear, but now I use my hands and fingers."
Positive Vibes,Motivated,"The only limit to your success is the extent of your efforts. Keep pushing forward with determination."
Advice,Sad,"It's okay to not have all the answers. Life is a journey of discovery and learning."
Joke,Stressed,"Why don't scientists trust atoms? Because they make up everything!"
Positive Vibes,Happy,"Every day is a new opportunity for joy and growth. Embrace it with enthusiasm."
Advice,Motivated,"Believe in your dreams, work hard, and stay focused. Success is within your reach."
Joke,Sad,"Why did the bicycle fall over? It was two-tired."
Positive Vibes,Stressed,"In challenging times, remember your strength and resilience. You can overcome anything."
Advice,Happy,"Your journey is unique, and so is your path to success. Embrace your individuality and keep moving forward."
Joke,Motivated,"What do you call a fish wearing a crown? A kingfish!"
Positive Vibes,Sad,"Even in the midst of difficulty, find reasons to be grateful. Gratitude can bring peace to your heart."
Advice,Stressed,"Take a break when needed, but never give up on your goals. Rest, recharge, and continue the journey."
Joke,Happy,"Why did the tomato turn red? Because it saw the salad dressing!"
Positive Vibes,Motivated,"Trust the process of your journey. The challenges you face today are shaping the person you become tomorrow."
Advice,Sad,"Growth often comes from discomfort. Embrace challenges as opportunities for positive transformation."
Joke,Stressed,"I told my computer I needed a break, and now it won't stop sending me vacation ads."
Positive Vibes,Happy,"Your attitude is like a box of crayons; it colors your world. Choose vibrant and positive shades."
Advice,Motivated,"Success is not just about reaching the destination; it's about enjoying the journey along the way."
Joke,Sad,"Why did the golfer bring extra pants? In case he got a hole in one!"
Positive Vibes,Stressed,"You are more resilient and capable than you think. Face challenges with courage and determination."
Advice,Happy,"Celebrate your achievements, both big and small. Each step forward is a victory worth acknowledging."
Joke,Motivated,"I would tell you a joke about an elevator, but it's an uplifting experience."
Positive Vibes,Sad,"Even in difficult times, find moments of joy and gratitude. They can light up your path."
Advice,Stressed,"Take a moment to breathe deeply. Inhale calmness, exhale stress. You've got this."
